config,run,exit,elapsed_s,max_rss_mb,pswpin,pswpout,pgmajfault
ram4096_cpu2,1,0,3.43,1548.9,1355,123092,1290
ram4096_cpu2,2,0,1.97,1548.7,7,113616,56
ram4096_cpu2,3,0,1.91,1548.7,1384,138996,1466
ram4096_cpu2_repeat,1,0,12.63,1542.5,95396,169211,14711
ram4096_cpu2_repeat,2,0,6.26,1548.9,192,96751,248
ram4096_cpu2_repeat,3,0,4.78,1549.0,26,81365,124
ram2048_cpu2,1,0,565.02,1238.8,7352180,4109150,4164557
ram2048_cpu2,2,0,598.82,1241.9,7588583,4301120,4239273
ram2048_cpu2,3,0,509.72,1231.8,7573097,4355259,4173099
ram1536_cpu2,1,0,743.69,1239.3,6720773,3426673,4191828
ram1536_cpu2,2,124,900.38,1228.5,8113649,4601505,4110571
ram1536_cpu2,3,124,900.73,1229.9,4210655,2514053,2121786
ram1024_cpu2,1,124,900.2,560.0,6585833,6264070,4793852
ram1024_cpu2,2,124,900.16,557.4,7196291,6735870,5214964
ram1024_cpu2,3,124,900.31,586.6,6913394,6823893,5461712
